timestamp,symbol,pnl,score,ml_prob,news_score,reason
2026-03-23 13:30:00+00:00,NVDA,-33.995470790775016,52.64036023434928,0.5822251246186805,0.9611898514987491,stop
2026-03-25 13:30:00+00:00,TSLA,233.48028102000012,51.73110948477718,0.5902153308350729,0.8473050934179923,target
2026-03-30 13:35:00+00:00,AMD,155.00973398035782,54.11660687978885,0.6518764443001999,0.5952641633179244,target
2026-04-02 14:50:00+00:00,AMD,-77.29150136624946,52.44316867658381,0.59120871779182,0.8881531264934532,stop
2026-04-08 13:30:00+00:00,NVDA,-62.03476521857155,50.38521658470751,0.5581032635057727,0.9716593489420159,stop
2026-04-08 13:35:00+00:00,NVDA,-59.20859772857136,51.28466417555217,0.5730458312445151,0.9320054034067109,stop
2026-04-08 13:45:00+00:00,TSLA,294.0902854317867,50.8108696709579,0.5740132331721091,0.8939697569164663,target
2026-04-09 13:30:00+00:00,META,441.56470244464714,51.39474220796319,0.6192674545022359,0.9645331171826408,target
2026-04-16 13:35:00+00:00,AMD,179.89224220607284,59.25443631357252,0.718726000539904,0.49212241730547485,target
2026-04-17 13:35:00+00:00,AMD,56.24496000000045,53.797578024677975,0.6257206552030631,0.7483675002914447,time_exit
2026-04-20 13:30:00+00:00,AMD,-33.38705746613914,53.94376705496046,0.6815991105348157,0.7189237334319262,stop
2026-04-22 20:05:00+00:00,TSLA,-83.49217963392874,51.96092499381376,0.7696092499381376,0.0,stop
2026-04-23 13:30:00+00:00,MSFT,157.99268907321385,52.17837992388517,0.6395011587002215,0.8818842702575345,target
2026-04-23 13:35:00+00:00,TSLA,-119.73984298178635,60.95589106589989,0.743836900637925,0.7714800668071597,stop
2026-04-23 13:40:00+00:00,TSLA,363.80908055250154,59.36825173268306,0.7326831853591385,0.7399955464512813,target
2026-04-24 13:35:00+00:00,AMD,-75.78354106285633,72.22583830361027,0.858037368659822,0.7614734291752052,stop
2026-04-27 13:30:00+00:00,AMD,180.01944654428564,61.46630056227053,0.7354850635667587,0.8611862803729774,target
2026-04-28 13:30:00+00:00,AMD,343.2457673298195,70.4323973103266,0.8289986336319126,0.8355022631423568,target
2026-04-28 13:35:00+00:00,AMD,-80.28352718035478,53.299196057222886,0.6627812162426828,0.8014049621969735,stop
2026-04-29 20:00:00+00:00,AMZN,-59.361269249998884,66.27679137172255,0.8128511188648421,0.33277863234922306,stop
2026-04-29 20:10:00+00:00,MSFT,-104.18662972285665,54.59162303964709,0.7017744487998892,0.6276118773105451,stop
2026-04-29 20:30:00+00:00,AMZN,-161.93029009821453,56.70100697489505,0.7297548444495129,0.5817015019962511,stop
2026-04-30 12:20:00+00:00,AMZN,-237.80839868999914,57.7730366512847,0.6310473097017689,0.9778870454071875,stop
2026-04-30 13:05:00+00:00,AMZN,766.0266359710715,61.589956935682125,0.6713601945042544,0.9635958323504458,target
2026-04-30 13:10:00+00:00,AMZN,-226.42036000071369,62.54813383458414,0.6814229593043982,0.9603891936096217,stop
2026-05-01 13:30:00+00:00,AAPL,225.08075562642853,53.46654307861323,0.7012656016860378,0.22266552733396278,target
2026-05-05 20:15:00+00:00,AMD,476.86905594964304,68.0137522499001,0.8463042698410429,0.5588883510530532,target
2026-05-05 20:55:00+00:00,AMD,420.80489056285904,54.224170533246344,0.6629021898866164,0.8622634363056468,target
2026-05-06 12:05:00+00:00,AMD,930.7736493171426,53.13920871269223,0.5958736746782188,0.9034560829913565,target
2026-05-06 12:35:00+00:00,AMD,939.1450471071439,54.65966832839097,0.6020573084313429,0.9635958323504458,target
2026-05-06 12:40:00+00:00,AMD,822.9038739460719,58.63924022204074,0.6384818792636806,0.9860701530448455,target
2026-05-08 13:30:00+00:00,TSLA,161.94971441517936,58.438532544384586,0.6374371849850252,0.9796542697254708,target
2026-05-11 14:25:00+00:00,AMD,471.6132800978578,55.975624499737435,0.6874572741797745,0.8153264721173319,target
2026-05-12 13:30:00+00:00,AMD,-94.87919222892845,52.481920094151654,0.7397544219622221,0.56709852652863,stop
2026-05-12 13:55:00+00:00,AMD,610.1087742583962,51.72582186399421,0.6829017602606186,0.8957097225288237,target
2026-05-13 14:05:00+00:00,AMD,533.8182453000013,53.78281357390668,0.6392587696690177,0.9904624404669936,target
2026-05-18 15:15:00+00:00,AMD,41.39756250000062,52.75488536015511,0.6355563615985466,0.9466166133533633,time_exit
2026-05-19 13:30:00+00:00,AMD,305.4946435521442,57.33456506078065,0.7523812363610606,0.8064294283116397,target
2026-05-19 13:35:00+00:00,AMD,355.29405101250234,57.61170510526169,0.7100892602217558,0.7735186055390743,target
2026-05-19 14:35:00+00:00,AMD,318.8155950000008,52.421441625866,0.7250408435675791,0.32782381794053916,time_exit
2026-05-20 13:45:00+00:00,AMD,466.54396278642923,50.33006046465679,0.6264517311758563,0.8456591564714108,target
2026-05-20 14:10:00+00:00,AMD,573.6038587907149,52.71196152561536,0.6741264044170198,0.6866214055942254,target
2026-05-20 14:15:00+00:00,AMD,389.8708527396441,57.58542395004623,0.6770642375097465,0.6586000132714384,target
2026-05-21 13:30:00+00:00,NVDA,-37.77181970161428,72.70271706520812,0.8538759456350714,0.8210081667800652,stop
2026-05-21 13:35:00+00:00,NVDA,-50.602034223213366,60.88966894665131,0.7407713328001222,0.7875023777759395,stop
2026-05-21 14:15:00+00:00,NVDA,-63.08261332392681,60.95919848810533,0.7102156846042869,0.99584200184511,stop
2026-05-22 13:30:00+00:00,AMD,-93.19923662142901,53.66362190348027,0.7366362190348027,0.0,stop
2026-05-26 13:30:00+00:00,AMD,-69.1068248892841,54.27301707752623,0.6860831848677408,0.7109799060501435,stop
2026-05-27 13:30:00+00:00,AMD,314.79598946250024,50.000241898221496,0.6038074916926662,0.9746328485969918,target
2026-05-27 13:45:00+00:00,AMD,591.085168885715,51.49930852044248,0.6359765146978179,0.8601104700440463,target
2026-05-28 13:30:00+00:00,AMD,310.0368129642857,50.24314534308765,0.6600383848234318,0.615953790716298,target
2026-06-01 13:30:00+00:00,META,242.51775975000186,58.30448902814374,0.6889064565718446,0.9609228913972857,target
2026-06-04 13:30:00+00:00,NVDA,-38.38627095620694,50.464508471253446,0.7546450847125344,0.0,stop
2026-06-05 18:10:00+00:00,META,280.37316372053704,56.31725183773413,0.7271638492307302,0.9067244609774077,target
2026-06-08 13:30:00+00:00,AAPL,109.65035247214541,57.382017003960655,0.6779294984721543,0.9726044771163483,target
2026-06-08 14:35:00+00:00,AMD,364.3899730992863,51.13653295330811,0.5658793475020764,0.969906546873365,target
2026-06-09 16:55:00+00:00,AMD,886.2798268500001,51.23350444417427,0.678685821634994,0.890994818711658,target
2026-06-09 17:00:00+00:00,AMD,470.37348720000114,57.83678624269875,0.700172936959924,0.8546328364470902,target
2026-06-10 13:40:00+00:00,AMD,423.13800765000065,51.79208994700961,0.7179208994700961,0.0,target
2026-06-10 14:05:00+00:00,AMD,706.4275004196454,50.99281259820893,0.7099281259820893,0.0,target
2026-06-11 13:30:00+00:00,TSLA,-51.618097703569674,53.437226345794,0.6593945668686905,0.8331846439283305,stop
2026-06-11 13:50:00+00:00,AMD,343.9615078344656,51.52951183210725,0.6210355859185734,0.628396882683327,target
2026-06-12 13:30:00+00:00,MSFT,159.1821730017856,55.133754961725316,0.6771385277384695,0.8279934791918915,target
2026-06-12 13:55:00+00:00,AMD,382.4807088000009,51.01518284555799,0.6593101284358374,0.6722780001316162,target
2026-06-15 13:30:00+00:00,AMD,655.5653573303609,65.1770597149065,0.8123626055803502,0.26271994379143165,target
2026-06-15 13:40:00+00:00,TSLA,403.35622116428567,51.76094581400701,0.6036103243934449,0.7599942249775016,target
2026-06-15 14:30:00+00:00,AMD,443.849124183215,50.86329223141533,0.5642540575781778,0.9625257649065034,target
2026-06-17 13:30:00+00:00,AMD,-117.82643630142991,57.96141224152433,0.7454191428717646,0.5612998636231915,stop
2026-06-18 13:30:00+00:00,AMD,377.7295013517863,50.28745478609146,0.6698987404785418,0.21983871588248557,target
2026-06-22 13:35:00+00:00,AMD,-93.24942267374888,54.54053526778388,0.6624596426441721,0.8863047335577781,stop
2026-06-22 13:45:00+00:00,AMD,434.9815059910702,51.61590042467045,0.6488348269300839,0.7821611821108042,target
2026-06-24 13:30:00+00:00,AMD,280.8668779714304,50.627725448055656,0.5940688926625929,0.7480557454530915,target
2026-06-25 13:30:00+00:00,META,120.53661881625112,55.900061421211205,0.6436797199413241,0.7688059618052531,target
2026-06-25 13:35:00+00:00,AAPL,-45.82217218500068,50.34681278986462,0.6555387676267629,0.6528624018125556,stop
2026-06-25 13:45:00+00:00,AMD,487.51622578285605,61.79299226978591,0.7751510798329694,0.618525619099265,target
2026-06-26 13:30:00+00:00,AMD,648.1650804203606,60.82809615552148,0.7830947951283754,0.834574442845596,target
2026-06-26 13:55:00+00:00,AMD,-182.72549184749994,51.62603363149187,0.6646171377577055,0.6776213237147551,stop
2026-06-26 14:15:00+00:00,AMD,1111.8720170249999,53.19457962873724,0.6422459883918407,0.5979987193035449,target
2026-06-29 13:30:00+00:00,NVDA,-40.26077693830439,52.778740520428144,0.6081928259751189,0.7972971948610833,stop
2026-06-29 13:35:00+00:00,AMD,591.2600286953552,50.4497376784056,0.704497376784056,0.0,target
2026-06-29 13:55:00+00:00,NVDA,-46.649337097500506,50.16363538729648,0.604533168194216,0.6473545711916588,stop
2026-07-01 14:00:00+00:00,META,639.6788880857162,51.72183224701651,0.6781014609503601,0.5941124101320335,target
2026-07-01 14:30:00+00:00,AMD,561.6199855746432,53.69482623505645,0.6369690942372056,0.9998611207557263,target
2026-07-02 14:20:00+00:00,TSLA,472.78166208000175,55.02035494846262,0.6541101112068208,0.9739562551853693,target
2026-07-02 14:25:00+00:00,AMD,1180.036884843212,57.164336602297055,0.6798873310710264,0.9450402330129609,target
2026-07-02 14:30:00+00:00,AMD,772.6920709285696,57.02355158557919,0.6842646216482926,0.9064726280499954,target
2026-07-06 13:30:00+00:00,AMD,-145.93018433571388,62.95132868268284,0.7651333553984282,0.4291995428560016,stop
2026-07-09 13:30:00+00:00,AMD,373.24261093071334,61.310278958271,0.7176443610252257,0.6363895237165624,target
2026-07-09 13:50:00+00:00,AMD,494.6092828114288,52.267760855394016,0.6418737932932533,0.5386921017379122,target
2026-07-10 13:30:00+00:00,META,631.2698433825003,66.05119557068465,0.7618187302308211,0.9912881698401698,target
2026-07-10 14:10:00+00:00,META,644.4918869930353,51.00196939091688,0.6489432523009727,0.740509610721307,target
2026-07-10 14:30:00+00:00,AMD,961.6942908000027,51.9924865130956,0.6992369813597855,0.4712525584744697,target
2026-07-14 14:05:00+00:00,AMD,562.6673464264286,53.302502260567756,0.6474877868481012,0.9035815717171762,target
2026-07-14 14:25:00+00:00,AMD,661.4973612401784,52.42165032057274,0.6594867100947482,0.7648652874065275,target
2026-07-16 13:30:00+00:00,AMZN,-55.78254031821473,50.13603903153745,0.6634123309965697,0.5863203954586985,stop
2026-07-17 13:30:00+00:00,NVDA,-53.580320400000346,52.47967732492039,0.6899917127537947,0.8987004033027279,stop
2026-07-17 14:05:00+00:00,NVDA,-51.12561452571356,52.83249742948408,0.636962159714405,0.9424187638695726,stop
2026-07-20 13:30:00+00:00,NVDA,-43.395390151650645,52.73067258102232,0.5873116126056485,0.9333007546971651,stop
2026-07-20 13:35:00+00:00,AMD,784.051665455356,52.49840269588873,0.5907021903262589,0.8952122442175228,target
2026-07-21 14:15:00+00:00,AMD,-151.33771649785558,51.254059716271556,0.5698958125426724,0.9509652308002876,stop
2026-07-22 13:30:00+00:00,AMD,-100.43759584499912,54.94750518642067,0.7053463446071077,0.6275247150473271,stop
2026-07-22 20:10:00+00:00,TSLA,-92.29090286250027,57.46440041590667,0.6896890770192785,0.8996995142652543,stop
2026-07-23 13:30:00+00:00,TSLA,498.6979490496438,54.74239244591284,0.823421812467999,0.16001407994086314,target
2026-07-23 13:40:00+00:00,TSLA,-115.25439731571407,53.786262670280415,0.6939242463041833,0.9595892026574728,stop
2026-07-23 14:35:00+00:00,TSLA,-150.33973199142866,50.87554761669642,0.6249576716936794,0.8919853631552318,stop
2026-07-24 14:20:00+00:00,AMD,968.2797995142869,51.01201012559456,0.7601201012559455,0.0,target
2026-07-24 14:35:00+00:00,TSLA,-148.3188831498203,50.152269320328784,0.6025400607343332,0.9932175497930307,stop
2026-07-24 15:10:00+00:00,TSLA,-118.49947651285726,50.20071868830125,0.5545888781899482,0.9827887246204291,stop
2026-07-27 13:30:00+00:00,TSLA,-52.35145279714288,50.59750554158124,0.5697395161480389,0.9082369284518238,stop
2026-07-27 13:35:00+00:00,AMD,586.0508080178586,58.41674742274962,0.664937765154913,0.7948647271505547,target
2026-07-27 13:40:00+00:00,AMD,-142.34972104124768,62.547117812809475,0.7111072982114832,0.7624258661107438,stop
2026-07-28 13:30:00+00:00,AMZN,-45.225880499428854,51.10287577720115,0.6243193562358731,0.9113960102409224,stop
2026-07-29 20:10:00+00:00,META,1276.9009525199983,59.34862484004303,0.844408198090504,0.32718700206617546,target
2026-07-29 20:30:00+00:00,MSFT,-152.14265979107086,50.997360769207724,0.6686107931116414,0.9424187638695726,stop
2026-07-30 12:20:00+00:00,META,1272.2141427642869,53.10374719513499,0.6828576803338277,0.3211986107834819,target
2026-07-30 12:30:00+00:00,META,971.8896833571439,64.03491862808984,0.694600283939596,0.9716593489420159,target
2026-07-30 12:40:00+00:00,META,1300.786674107143,62.96565533682248,0.6955610898307548,0.8939697569164663,target
2026-07-31 13:30:00+00:00,MSFT,-73.10265063428506,60.694038714247895,0.6655186591165191,0.9428115201730659,stop
2026-07-31 13:35:00+00:00,META,428.2694551575031,52.36942520564817,0.591723577092612,0.8798044997591313,target
2026-07-31 13:40:00+00:00,AMZN,-90.25148501999956,59.26317885582833,0.7003036403999131,0.9488543210558013,stop
2026-08-03 13:30:00+00:00,AMZN,-62.522220117854886,63.785353498866385,0.7165526413640096,0.8086726241643613,stop
2026-08-03 13:40:00+00:00,AMD,-146.2014202124991,60.692823766522196,0.7205778691846915,0.5756691232035362,stop
2026-08-03 13:45:00+00:00,META,455.0501600491067,53.17234625157846,0.5826787410156514,0.9936314766675547,target
2026-08-04 13:30:00+00:00,MSFT,453.52202528249916,54.87129527431258,0.6346663094603068,0.7603109552187934,target
2026-08-04 14:00:00+00:00,AMD,699.6779773200014,53.333921435921795,0.6445195992638934,0.5921307673021642,target
2026-08-04 20:20:00+00:00,AMD,367.45002000000045,66.96429703520667,0.7710116874810508,0.9908752191401066,time_exit
2026-08-05 13:45:00+00:00,AMD,1337.7199812380363,75.24197191406313,0.8124051608200097,0.9334303888041443,target
2026-08-05 13:50:00+00:00,AMD,-169.5594599999988,72.22013646783549,0.7879008764954221,0.895336587886219,time_exit
2026-08-19 14:35:00+00:00,AMD,574.5467844364268,53.53606795097292,0.6339994313916031,0.6757416541208409,target
2026-08-25 13:30:00+00:00,AMD,-97.77579895499935,54.82168758471229,0.613561515570075,0.8977024018469865,stop
2026-08-26 13:35:00+00:00,META,405.2351994396435,55.060595612826766,0.8006059561282677,0.0,target
2026-08-27 13:30:00+00:00,NVDA,-96.27215020714135,65.8180826029143,0.7590532789009656,0.994183647521183,stop
2026-08-27 13:35:00+00:00,NVDA,-161.9587057392837,57.03659330683598,0.6720851711984324,0.9885384124661827,stop
2026-08-27 13:40:00+00:00,NVDA,-172.01393300142695,61.946793991245514,0.6772385964347101,0.9481956231849671,stop
2026-08-31 13:35:00+00:00,AMD,282.086305688573,51.13390115066249,0.6643704601664622,0.9797903422677515,target
